threshold,precision,recall,illicit_f1,false_positives,false_negatives
0.05,0.7990762124711316,0.9942528735632183,0.8860435339308579,87,2
0.06,0.8084112149532711,0.9942528735632183,0.8917525773195877,82,2
0.07,0.8199052132701422,0.9942528735632183,0.8987012987012987,76,2
0.08,0.8277511961722488,0.9942528735632183,0.9033942558746736,72,2
0.09,0.837772397094431,0.9942528735632183,0.9093298291721419,67,2
0.1,0.8459657701711492,0.9942528735632183,0.9141347424042272,63,2
0.11,0.8501228501228502,0.9942528735632183,0.9165562913907285,61,2
0.12,0.858560794044665,0.9942528735632183,0.9214380825565912,57,2
0.13,0.8671679197994987,0.9942528735632183,0.9263721552878179,53,2
0.14,0.871536523929471,0.9942528735632183,0.9288590604026845,51,2
0.15,0.8781725888324873,0.9942528735632183,0.9326145552560647,48,2
0.16,0.8871794871794871,0.9942528735632183,0.9376693766937669,44,2
0.17,0.8871794871794871,0.9942528735632183,0.9376693766937669,44,2
0.18,0.8894601542416453,0.9942528735632183,0.9389416553595658,43,2
0.19,0.8940568475452196,0.9942528735632183,0.9414965986394558,41,2
0.2,0.8940568475452196,0.9942528735632183,0.9414965986394558,41,2
0.21,0.8961038961038961,0.9913793103448276,0.9413369713506139,40,3
0.22,0.8984375,0.9913793103448276,0.9426229508196722,39,3
0.23,0.905511811023622,0.9913793103448276,0.9465020576131687,36,3
0.24,0.905511811023622,0.9913793103448276,0.9465020576131687,36,3
0.25,0.9102902374670184,0.9913793103448276,0.9491059147180193,34,3
0.26,0.91005291005291,0.9885057471264368,0.9476584022038568,34,4
0.27,0.91005291005291,0.9885057471264368,0.9476584022038568,34,4
0.28,0.9173333333333333,0.9885057471264368,0.9515905947441217,31,4
0.29,0.9193548387096774,0.9827586206896551,0.95,30,6
0.3,0.921832884097035,0.9827586206896551,0.9513212795549374,29,6
0.31,0.9243243243243243,0.9827586206896551,0.9526462395543176,28,6
0.32,0.926829268292683,0.9827586206896551,0.9539748953974896,27,6
0.33,0.926829268292683,0.9827586206896551,0.9539748953974896,27,6
0.34,0.926829268292683,0.9827586206896551,0.9539748953974896,27,6
0.35,0.926829268292683,0.9827586206896551,0.9539748953974896,27,6
0.36,0.9293478260869565,0.9827586206896551,0.9553072625698324,26,6
0.37,0.9293478260869565,0.9827586206896551,0.9553072625698324,26,6
0.38,0.9291553133514986,0.9798850574712644,0.9538461538461539,26,7
0.39,0.9315068493150684,0.9770114942528736,0.9537166900420757,25,8
0.4,0.9340659340659341,0.9770114942528736,0.9550561797752809,24,8
0.41,0.9366391184573003,0.9770114942528736,0.9563994374120957,23,8
0.42,0.9392265193370166,0.9770114942528736,0.9577464788732394,22,8
0.43,0.9392265193370166,0.9770114942528736,0.9577464788732394,22,8
0.44,0.9418282548476454,0.9770114942528736,0.9590973201692524,21,8
0.45,0.9416666666666667,0.9741379310344828,0.9576271186440678,21,9
0.46,0.9441340782122905,0.9712643678160919,0.9575070821529745,20,10
0.47,0.9441340782122905,0.9712643678160919,0.9575070821529745,20,10
0.48,0.9467787114845938,0.9712643678160919,0.9588652482269504,19,10
0.49,0.9467787114845938,0.9712643678160919,0.9588652482269504,19,10
0.5,0.9492957746478873,0.9683908045977011,0.9587482219061166,18,11
0.51,0.9492957746478873,0.9683908045977011,0.9587482219061166,18,11
0.52,0.9491525423728814,0.9655172413793104,0.9572649572649573,18,12
0.53,0.9491525423728814,0.9655172413793104,0.9572649572649573,18,12
0.54,0.9518413597733711,0.9655172413793104,0.9586305278174037,17,12
0.55,0.9518413597733711,0.9655172413793104,0.9586305278174037,17,12
0.56,0.9517045454545454,0.9626436781609196,0.9571428571428572,17,13
0.57,0.9544159544159544,0.9626436781609196,0.9585121602288984,16,13
0.58,0.9544159544159544,0.9626436781609196,0.9585121602288984,16,13
0.59,0.9544159544159544,0.9626436781609196,0.9585121602288984,16,13
0.6,0.9598853868194842,0.9626436781609196,0.9612625538020086,14,13
0.61,0.9626436781609196,0.9626436781609196,0.9626436781609196,13,13
0.62,0.9654178674351584,0.9626436781609196,0.9640287769784173,12,13
0.63,0.9710144927536232,0.9626436781609196,0.9668109668109668,10,13
0.64,0.9709302325581395,0.9597701149425287,0.9653179190751445,10,14
0.65,0.9709302325581395,0.9597701149425287,0.9653179190751445,10,14
0.66,0.9709302325581395,0.9597701149425287,0.9653179190751445,10,14
0.67,0.9736842105263158,0.9568965517241379,0.9652173913043478,9,15
0.68,0.9736842105263158,0.9568965517241379,0.9652173913043478,9,15
0.69,0.9736070381231672,0.9540229885057471,0.9637155297532656,9,16
0.7,0.9736070381231672,0.9540229885057471,0.9637155297532656,9,16
0.71,0.9735294117647059,0.9511494252873564,0.9622093023255814,9,17
0.72,0.9735294117647059,0.9511494252873564,0.9622093023255814,9,17
0.73,0.976401179941003,0.9511494252873564,0.9636098981077147,8,17
0.74,0.9763313609467456,0.9482758620689655,0.9620991253644315,8,18
0.75,0.9763313609467456,0.9482758620689655,0.9620991253644315,8,18
0.76,0.9762611275964391,0.9454022988505747,0.9605839416058394,8,19
0.77,0.9761904761904762,0.9425287356321839,0.9590643274853801,8,20
0.78,0.9761194029850746,0.9396551724137931,0.9575402635431918,8,21
0.79,0.978978978978979,0.9367816091954023,0.9574155653450808,7,22
0.8,0.978978978978979,0.9367816091954023,0.9574155653450808,7,22
0.81,0.9848484848484849,0.9339080459770115,0.9587020648967551,5,23
0.82,0.9848024316109423,0.9310344827586207,0.9571639586410635,5,24
0.83,0.9877675840978594,0.9281609195402298,0.957037037037037,4,25
0.84,0.9877300613496932,0.9252873563218391,0.9554896142433235,4,26
0.85,0.9877300613496932,0.9252873563218391,0.9554896142433235,4,26
0.86,0.9877300613496932,0.9252873563218391,0.9554896142433235,4,26
0.87,0.9877300613496932,0.9252873563218391,0.9554896142433235,4,26
0.88,0.9877300613496932,0.9252873563218391,0.9554896142433235,4,26
0.89,0.9876543209876543,0.9195402298850575,0.9523809523809523,4,28
0.9,0.9876160990712074,0.9166666666666666,0.9508196721311475,4,29
0.91,0.9876160990712074,0.9166666666666666,0.9508196721311475,4,29
0.92,0.990625,0.9109195402298851,0.9491017964071856,3,31
0.93,0.9936708860759493,0.9022988505747126,0.9457831325301205,2,34
0.94,0.9935483870967742,0.8850574712643678,0.9361702127659575,2,40
0.95,0.9933993399339934,0.8649425287356322,0.9247311827956989,2,47
