variant,scale_pos_weight,validation_pr_auc,validation_illicit_f1,validation_illicit_recall
TEMPORAL,5.0,0.6843631335328189,0.6959691252144082,0.6773789649415692
TEMPORAL,10.0,0.6870976704268525,0.6941450010568591,0.6853088480801336
TEMPORAL,15.0,0.6790624923613929,0.6902173913043478,0.6890651085141903
TEMPORAL,19.180087997544256,0.683620388452308,0.6210545520890348,0.7103505843071787
LATEST_OBSERVATION,5.0,0.6868191238219686,0.6980609418282548,0.6853556485355649
LATEST_OBSERVATION,10.0,0.6820710965544743,0.6976545842217484,0.6845188284518828
LATEST_OBSERVATION,15.0,0.6887989245980877,0.690146750524109,0.6887029288702929
LATEST_OBSERVATION,17.268010291595196,0.6901217167879529,0.6591448931116389,0.696652719665272
AGGREGATED_HISTORY,5.0,0.6851441273431196,0.6977238885343544,0.6861924686192469
AGGREGATED_HISTORY,10.0,0.6825034031806835,0.6965195246179966,0.6866108786610878
AGGREGATED_HISTORY,15.0,0.69366471659699,0.6915611814345991,0.6857740585774058
AGGREGATED_HISTORY,17.268010291595196,0.6903093667181944,0.6605650616792678,0.694560669456067
