threshold,precision,recall,f1,false_positives,false_negatives
0.05,0.06205535649374253,1.0,0.11685898689614707,36124,0
0.06,0.06205535649374253,1.0,0.11685898689614707,36124,0
0.07,0.08083903701433581,0.9933054393305439,0.14951034417608716,26993,16
0.08,0.08503976679742326,0.9887029288702929,0.1566093382377307,25424,27
0.09,0.08664898320070734,0.9841004184100418,0.15927405701902891,24792,38
0.1,0.08674378911435615,0.9569037656903766,0.1590679881759694,24078,103
0.11,0.08958799732924866,0.9543933054393305,0.16380022261319163,23180,109
0.12,0.09093814927281445,0.9523012552301255,0.16602232110292509,22752,114
0.13,0.09335195989810173,0.9506276150627615,0.17000897934750075,22066,118
0.14,0.09490915180440425,0.9485355648535565,0.172552899984777,21619,123
0.15,0.09555809137399096,0.9460251046025104,0.17358258800046064,21400,129
0.16,0.09657387580299785,0.9435146443514645,0.1752136752136752,21095,135
0.17,0.09767967324237421,0.9405857740585774,0.1769800031491104,20766,142
0.18,0.09883388338833883,0.9397489539748954,0.17885725661955007,20479,144
0.19,0.10102608145369073,0.9351464435146444,0.18235222127034634,19888,155
0.2,0.1022539857064321,0.9338912133891213,0.18432570815096208,19596,158
0.21,0.10355745948966288,0.9305439330543933,0.18637392105924747,19252,166
0.22,0.10451003541912633,0.9259414225941422,0.18782092085720348,18962,177
0.23,0.10581350729086723,0.9230125523012552,0.18986143385833548,18642,184
0.24,0.10729948348114218,0.9213389121338912,0.19221368715083798,18320,188
0.25,0.10848661176586617,0.9205020920502092,0.1940976664166924,18079,190
0.26,0.11007870017771008,0.907112970711297,0.19633235227529997,17527,222
0.27,0.1117211374113016,0.902510460251046,0.19882933124395077,17150,233
0.28,0.11282266968087903,0.897907949790795,0.20045770865442997,16875,244
0.29,0.1137982353566493,0.8958158995815899,0.20194302961705338,16673,249
0.3,0.11439726173922345,0.894979079497908,0.20286418816388468,16559,251
0.31,0.1150361341818574,0.8924686192468619,0.20380278998662335,16409,257
0.32,0.11604951736925342,0.8903765690376569,0.20533603512326917,16209,262
0.33,0.11741963989837623,0.8895397489539749,0.20745511319281812,15980,264
0.34,0.11868390129259694,0.8874476987447699,0.20936775085138937,15750,269
0.35,0.11946278426725354,0.8857740585774059,0.21053154989806575,15604,273
0.36,0.11984360834088849,0.8849372384937239,0.21109891206707257,15533,275
0.37,0.12067379556168793,0.8782426778242678,0.21219167003639305,15295,291
0.38,0.12257573094275502,0.8753138075313808,0.21503828956159737,14975,298
0.39,0.1256531777858792,0.8652719665271966,0.2194397283531409,14390,322
0.4,0.1370056497175141,0.8523012552301256,0.23606443388573414,12831,353
0.41,0.14715988010819506,0.8422594142259414,0.25054452672848343,11666,377
0.42,0.15610630504247525,0.8380753138075314,0.26318901517640103,10828,387
0.43,0.1662191642893103,0.8288702928870293,0.27690802348336596,9937,409
0.44,0.1890007745933385,0.8167364016736401,0.3069665041673219,8376,438
0.45,0.20091561752158985,0.8079497907949791,0.32180651612365635,7680,459
0.46,0.20307562671160734,0.8066945606694561,0.32446987546280714,7566,462
0.47,0.23063993276503783,0.8037656903765691,0.3584289579251796,6408,469
0.48,0.23339819995135003,0.8029288702928871,0.3616660384470411,6303,471
0.49,0.25449700199866754,0.799163179916318,0.3860535624052552,5595,480
0.5,0.26147924113280174,0.7958158995815899,0.39362582781456956,5372,488
0.51,0.26642386888920017,0.7958158995815899,0.3992024346731032,5237,488
0.52,0.26839949145359515,0.7949790794979079,0.4013095363818777,5179,490
0.53,0.2694167852062589,0.792468619246862,0.4021231422505308,5136,496
0.54,0.2808219178082192,0.7891213389121339,0.4142323742587305,4830,504
0.55,0.2828313253012048,0.7857740585774059,0.4159468438538206,4762,512
0.56,0.2843285844195211,0.7849372384937239,0.4174454828660436,4722,514
0.57,0.28753454098863984,0.7836820083682008,0.42070979335130276,4641,517
0.58,0.29186826908069297,0.7824267782426778,0.42514493577355916,4537,520
0.59,0.29790968565501835,0.7811715481171548,0.43132724962458124,4400,523
0.6,0.30622638409725644,0.7799163179916317,0.4397782234280996,4223,526
0.61,0.3105175292153589,0.7782426778242678,0.4439140811455847,4130,530
0.62,0.31909764077837094,0.7753138075313808,0.4521166280346468,3954,537
0.63,0.3241016652059597,0.7736401673640168,0.45682520074119826,3856,541
0.64,0.3275341736197408,0.7719665271966527,0.4599277078399601,3788,545
0.65,0.3336962438758846,0.7694560669456066,0.46551069484875335,3672,551
0.66,0.3382407066617593,0.7690376569037657,0.46983640081799594,3596,552
0.67,0.33905817174515235,0.7682008368200837,0.47046764894298526,3579,554
0.68,0.3442192192192192,0.7673640167364016,0.4752526561285307,3494,556
0.69,0.3534865752366235,0.7656903765690377,0.483679133077838,3347,560
0.7,0.37293046357615894,0.7539748953974895,0.49903073940736636,3030,588
0.71,0.4105067410506741,0.7389121338912134,0.5277943813508668,2536,624
0.72,0.467577706323687,0.7301255230125523,0.5700751388435152,1987,645
0.73,0.48316170331199554,0.7263598326359832,0.5803108808290155,1857,654
0.74,0.5334375,0.7142259414225941,0.6107334525939178,1493,683
0.75,0.5461563203602444,0.7104602510460251,0.6175668303327878,1411,692
0.76,0.5595632031767042,0.707531380753138,0.6249076127124907,1331,699
0.77,0.5829565217391305,0.701255230125523,0.6366571699905034,1199,714
0.78,0.628495842781557,0.69581589958159,0.6604447974583002,983,727
0.79,0.6580619539316919,0.6933054393305439,0.6752241238793806,861,733
0.8,0.6974468085106383,0.6857740585774058,0.6915611814345991,711,751
